Title,Link
예적금상품은 목돈 마련 등 활용 목적에 맞게 가입하세요!,https://fine.fss.or.kr/fine/bbs/B0000340/view.do?nttId=131508&menuNo=900014&viewType=&pageIndex=1
"잠깐! 요즘 채권이 인기라는데, 이것만은 꼭 확인 후 투자하세요!-심화편",https://fine.fss.or.kr/fine/bbs/B0000340/view.do?nttId=129706&menuNo=900014&viewType=&pageIndex=1
"잠깐! 요즘 채권이 인기라는데, 이것만은 꼭 확인 후 투자하세요!-기초편",https://fine.fss.or.kr/fine/bbs/B0000340/view.do?nttId=129622&menuNo=900014&viewType=&pageIndex=1
"보험상품은 소득수준, 가입목적 등을 충분히 고려하여 가입하세요!",https://fine.fss.or.kr/fine/bbs/B0000340/view.do?nttId=129588&menuNo=900014&viewType=&pageIndex=1
중대한 질병보험 등 가입시 대리청구인을 미리 지정하세요,https://fine.fss.or.kr/fine/bbs/B0000340/view.do?nttId=129575&menuNo=900014&viewType=&pageIndex=1
보험 가입시 ‘만(滿)나이’가 아닌 ‘보험나이’가 적용됩니다.,https://fine.fss.or.kr/fine/bbs/B0000340/view.do?nttId=127513&menuNo=900014&viewType=&pageIndex=1
연금수령시 알아두어야 할 사항,https://fine.fss.or.kr/fine/bbs/B0000340/view.do?nttId=127507&menuNo=900014&viewType=&pageIndex=1
"급전이 필요하거나 보험료 납입이 부담되어 보험계약 해지를 생각하는 경우, 보험계약대출 등 다른 방안을 먼저 알아보세요.",https://fine.fss.or.kr/fine/bbs/B0000340/view.do?nttId=127500&menuNo=900014&viewType=&pageIndex=1
개인형IRP 개설․운용시 알아두어야 할 사항,https://fine.fss.or.kr/fine/bbs/B0000340/view.do?nttId=59668&menuNo=900014&viewType=&pageIndex=1
고령자·장애인에게 유익한 금융상품 정보를 알려드립니다.,https://fine.fss.or.kr/fine/bbs/B0000340/view.do?nttId=59667&menuNo=900014&viewType=&pageIndex=1
"소중한 전세보증금, 안전하게 지키세요-전세 계약시 유의사항 및 전세보증금 반환보증 활용법",https://fine.fss.or.kr/fine/bbs/B0000340/view.do?nttId=59666&menuNo=900014&viewType=&pageIndex=2
퇴직연금 DB형·DC형 선택․전환시 유의사항,https://fine.fss.or.kr/fine/bbs/B0000340/view.do?nttId=59665&menuNo=900014&viewType=&pageIndex=2
"생활속 보험사기 예방요령 일상으로 스며든 보험사기, 제안하면 거절하고! 발견하면 신고하고!",https://fine.fss.or.kr/fine/bbs/B0000340/view.do?nttId=59664&menuNo=900014&viewType=&pageIndex=2
퇴직연금 가입자가 알아야 할 권리,https://fine.fss.or.kr/fine/bbs/B0000340/view.do?nttId=59663&menuNo=900014&viewType=&pageIndex=2
자영업자·소상공인 사장님! 언제든지 무료 경영컨설팅 받아보세요.,https://fine.fss.or.kr/fine/bbs/B0000340/view.do?nttId=59662&menuNo=900014&viewType=&pageIndex=2
사례로 알아보는 불법채권추심 대응방법,https://fine.fss.or.kr/fine/bbs/B0000340/view.do?nttId=59661&menuNo=900014&viewType=&pageIndex=2
마이데이터 서비스 및 온라인 대출상품 비교‧추천 서비스 가입‧활용시 다음 사항을 꼭 한 번 확인하세요,https://fine.fss.or.kr/fine/bbs/B0000340/view.do?nttId=59660&menuNo=900014&viewType=&pageIndex=2
"금리상승기, 대출연장시 유의사항 안내",https://fine.fss.or.kr/fine/bbs/B0000340/view.do?nttId=59659&menuNo=900014&viewType=&pageIndex=2
"금리인상기, 슬기로운 금융생활",https://fine.fss.or.kr/fine/bbs/B0000340/view.do?nttId=59658&menuNo=900014&viewType=&pageIndex=2
P2P 금융상품 투자시 유의해야 할 핵심포인트,https://fine.fss.or.kr/fine/bbs/B0000340/view.do?nttId=59657&menuNo=900014&viewType=&pageIndex=2
신분증 분실 혹은 피싱 의심시 개인정보노출자 사고예방시스템에 등록하세요!,https://fine.fss.or.kr/fine/bbs/B0000340/view.do?nttId=59656&menuNo=900014&viewType=&pageIndex=3
"불가피하게 연금계좌(IRP, 연금저축)를 중도인출할 경우, 저율과세되는 인출사유에 해당하는지 우선 확인하세요.",https://fine.fss.or.kr/fine/bbs/B0000340/view.do?nttId=59655&menuNo=900014&viewType=&pageIndex=3
개인형퇴직연금(IRP) 가입시 유의사항,https://fine.fss.or.kr/fine/bbs/B0000340/view.do?nttId=59654&menuNo=900014&viewType=&pageIndex=3
"개인형 퇴직연금(IRP)과 연금저축, 차이점을 알고 가입하세요",https://fine.fss.or.kr/fine/bbs/B0000340/view.do?nttId=59653&menuNo=900014&viewType=&pageIndex=3
사회초년생 및 은퇴준비자의 연금저축 활용법,https://fine.fss.or.kr/fine/bbs/B0000340/view.do?nttId=59652&menuNo=900014&viewType=&pageIndex=3
자영업을 영위하시는 사장님들께 유익한 금융지원제도를 종합 안내해 드립니다.,https://fine.fss.or.kr/fine/bbs/B0000340/view.do?nttId=59651&menuNo=900014&viewType=&pageIndex=3
"확 달라진 감사보고서, 현명한 투자를 위해 100% 활용하기",https://fine.fss.or.kr/fine/bbs/B0000340/view.do?nttId=59650&menuNo=900014&viewType=&pageIndex=3
은행·중소서민 금융상품을 이용할 때 알면 도움이 되는 ‘집밥’ 같은 꿀팁,https://fine.fss.or.kr/fine/bbs/B0000340/view.do?nttId=59649&menuNo=900014&viewType=&pageIndex=3
1월부터 은행권‘금융거래종합보고서’를 조회할 수 있습니다,https://fine.fss.or.kr/fine/bbs/B0000340/view.do?nttId=59648&menuNo=900014&viewType=&pageIndex=3
상장(IPO) 계획이 있으시면 공시위반 가능성을 점검하세요!,https://fine.fss.or.kr/fine/bbs/B0000340/view.do?nttId=59647&menuNo=900014&viewType=&pageIndex=3
신용‧체크카드 알뜰하게 사용하세요,https://fine.fss.or.kr/fine/bbs/B0000340/view.do?nttId=59646&menuNo=900014&viewType=&pageIndex=4
내 카드 포인트 잘 이용하는 방법,https://fine.fss.or.kr/fine/bbs/B0000340/view.do?nttId=59645&menuNo=900014&viewType=&pageIndex=4
다양한 카드 활용 방법,https://fine.fss.or.kr/fine/bbs/B0000340/view.do?nttId=59644&menuNo=900014&viewType=&pageIndex=4
외화보험 가입시 소비자 유의사항,https://fine.fss.or.kr/fine/bbs/B0000340/view.do?nttId=59643&menuNo=900014&viewType=&pageIndex=4
"대부업 관련 주요 민원사례 및 유의사항(대출금리·수수료, 불법채권추심 등)",https://fine.fss.or.kr/fine/bbs/B0000340/view.do?nttId=59642&menuNo=900014&viewType=&pageIndex=4
해지환급금이 없거나 적은 보험상품 가입시 유의사항,https://fine.fss.or.kr/fine/bbs/B0000340/view.do?nttId=59641&menuNo=900014&viewType=&pageIndex=4
외국환거래법규상 금융소비자 유의사항(부동산거래·금전대차편),https://fine.fss.or.kr/fine/bbs/B0000340/view.do?nttId=59640&menuNo=900014&viewType=&pageIndex=4
'파인'의 핵심정보 쉽게 이용하는 방법,https://fine.fss.or.kr/fine/bbs/B0000340/view.do?nttId=59639&menuNo=900014&viewType=&pageIndex=4
"청소년의 건전한 금융습관 길잡이, 1사1교 금융교육",https://fine.fss.or.kr/fine/bbs/B0000340/view.do?nttId=59638&menuNo=900014&viewType=&pageIndex=4
전세가 하락기 세입자가 꼭 알아야 할 반환보증,https://fine.fss.or.kr/fine/bbs/B0000340/view.do?nttId=59637&menuNo=900014&viewType=&pageIndex=4
"연말연시, 연금자산 이렇게 챙겨보세요",https://fine.fss.or.kr/fine/bbs/B0000340/view.do?nttId=59636&menuNo=900014&viewType=&pageIndex=5
자연재해로 인한 재산피해를 보상하는 보험,https://fine.fss.or.kr/fine/bbs/B0000340/view.do?nttId=59635&menuNo=900014&viewType=&pageIndex=5
전화(TM)를 통한 보험상품 가입시 유의사항,https://fine.fss.or.kr/fine/bbs/B0000340/view.do?nttId=59634&menuNo=900014&viewType=&pageIndex=5
알아두면 유익한 보험상품 공시제도,https://fine.fss.or.kr/fine/bbs/B0000340/view.do?nttId=59633&menuNo=900014&viewType=&pageIndex=5
중소기업 사장님을 위한 회계부정방지 체크포인트 7가지,https://fine.fss.or.kr/fine/bbs/B0000340/view.do?nttId=59632&menuNo=900014&viewType=&pageIndex=5
보험대리점을 통한 보험가입시 유의사항,https://fine.fss.or.kr/fine/bbs/B0000340/view.do?nttId=59631&menuNo=900014&viewType=&pageIndex=5
재무제표 확인시 주요 체크포인트,https://fine.fss.or.kr/fine/bbs/B0000340/view.do?nttId=59630&menuNo=900014&viewType=&pageIndex=5
보험사기 피해예방 (4) : 일상생활 속 보험사기,https://fine.fss.or.kr/fine/bbs/B0000340/view.do?nttId=59629&menuNo=900014&viewType=&pageIndex=5
저축은행 가계신용대출 이자부담 줄이는 방법,https://fine.fss.or.kr/fine/bbs/B0000340/view.do?nttId=59628&menuNo=900014&viewType=&pageIndex=5
보험사기 피해예방 (3) : 자동차 정비업체 이용시,https://fine.fss.or.kr/fine/bbs/B0000340/view.do?nttId=59627&menuNo=900014&viewType=&pageIndex=5
종신보험 가입시 유의사항,https://fine.fss.or.kr/fine/bbs/B0000340/view.do?nttId=59626&menuNo=900014&viewType=&pageIndex=6
보험사기 피해예방 (2) : 병원이용시(실손보험),https://fine.fss.or.kr/fine/bbs/B0000340/view.do?nttId=59625&menuNo=900014&viewType=&pageIndex=6
보이스피싱 사기예방 서비스 이용,https://fine.fss.or.kr/fine/bbs/B0000340/view.do?nttId=59624&menuNo=900014&viewType=&pageIndex=6
보험사기 피해예방 (1) : 자동차사고 발생시,https://fine.fss.or.kr/fine/bbs/B0000340/view.do?nttId=59623&menuNo=900014&viewType=&pageIndex=6
휴가철 여행 단계별로 유익한 금융정보,https://fine.fss.or.kr/fine/bbs/B0000340/view.do?nttId=59622&menuNo=900014&viewType=&pageIndex=6
외국환거래법규 유의사항(해외직접투자편),https://fine.fss.or.kr/fine/bbs/B0000340/view.do?nttId=59621&menuNo=900014&viewType=&pageIndex=6
자동차보험 관련 판례 및 분쟁조정 사례,https://fine.fss.or.kr/fine/bbs/B0000340/view.do?nttId=59620&menuNo=900014&viewType=&pageIndex=6
저축성보험 가입시 유의사항,https://fine.fss.or.kr/fine/bbs/B0000340/view.do?nttId=59619&menuNo=900014&viewType=&pageIndex=6
자동차 운전시 절대 하지 말아야할 3가지,https://fine.fss.or.kr/fine/bbs/B0000340/view.do?nttId=59618&menuNo=900014&viewType=&pageIndex=6
상해보험 가입후 직업 바뀌면 보험사에 통지,https://fine.fss.or.kr/fine/bbs/B0000340/view.do?nttId=59617&menuNo=900014&viewType=&pageIndex=6
치매보험 가입시 유의사항,https://fine.fss.or.kr/fine/bbs/B0000340/view.do?nttId=59616&menuNo=900014&viewType=&pageIndex=7
자동차보험 특약 100% 활용 노하우 (2),https://fine.fss.or.kr/fine/bbs/B0000340/view.do?nttId=59615&menuNo=900014&viewType=&pageIndex=7
외국환거래법규 위반 10대 사례 및 유의사항,https://fine.fss.or.kr/fine/bbs/B0000340/view.do?nttId=59614&menuNo=900014&viewType=&pageIndex=7
개인신용정보 권리보장제도 활용하기,https://fine.fss.or.kr/fine/bbs/B0000340/view.do?nttId=59613&menuNo=900014&viewType=&pageIndex=7
알아두면 유익한 보험계약 관리 노하우,https://fine.fss.or.kr/fine/bbs/B0000340/view.do?nttId=59612&menuNo=900014&viewType=&pageIndex=7
저축은행 예적금 알뜰하게 활용하기,https://fine.fss.or.kr/fine/bbs/B0000340/view.do?nttId=59611&menuNo=900014&viewType=&pageIndex=7
자동차보험 특약 100% 활용 노하우(1),https://fine.fss.or.kr/fine/bbs/B0000340/view.do?nttId=59610&menuNo=900014&viewType=&pageIndex=7
"금리인상기, 금리 부담 완화 등을 위한 금융정보",https://fine.fss.or.kr/fine/bbs/B0000340/view.do?nttId=59609&menuNo=900014&viewType=&pageIndex=7
내 카드 제대로 사용하는 법,https://fine.fss.or.kr/fine/bbs/B0000340/view.do?nttId=59608&menuNo=900014&viewType=&pageIndex=7
사모펀드 투자시 유의사항,https://fine.fss.or.kr/fine/bbs/B0000340/view.do?nttId=59607&menuNo=900014&viewType=&pageIndex=7
IPO 공모주 투자시 알아두면 유익한 공시정보,https://fine.fss.or.kr/fine/bbs/B0000340/view.do?nttId=59606&menuNo=900014&viewType=&pageIndex=8
보험상품의 다양한 절세 노하우,https://fine.fss.or.kr/fine/bbs/B0000340/view.do?nttId=59605&menuNo=900014&viewType=&pageIndex=8
"은행거래 100% 활용법(6) : 디지털뱅킹(모바일,PC) 서비스",https://fine.fss.or.kr/fine/bbs/B0000340/view.do?nttId=59604&menuNo=900014&viewType=&pageIndex=8
"회계에 관한 정보, 금융감독원 회계포탈에서 확인하세요",https://fine.fss.or.kr/fine/bbs/B0000340/view.do?nttId=59603&menuNo=900014&viewType=&pageIndex=8
보험금 청구에 관한 필수정보 6가지,https://fine.fss.or.kr/fine/bbs/B0000340/view.do?nttId=59602&menuNo=900014&viewType=&pageIndex=8
"암보험 가입 필수정보 : 암진단비, 암입원비",https://fine.fss.or.kr/fine/bbs/B0000340/view.do?nttId=59601&menuNo=900014&viewType=&pageIndex=8
운전자를 위한 금융꿀팁(1) : 자동차보험 과실비율,https://fine.fss.or.kr/fine/bbs/B0000340/view.do?nttId=59600&menuNo=900014&viewType=&pageIndex=8
P2P대출상품 투자시 체크할 핵심포인트,https://fine.fss.or.kr/fine/bbs/B0000340/view.do?nttId=59599&menuNo=900014&viewType=&pageIndex=8
알아두면 유익한 보험료 할인특약 (2),https://fine.fss.or.kr/fine/bbs/B0000340/view.do?nttId=59598&menuNo=900014&viewType=&pageIndex=8
IRP(개인형 퇴직연금) 절세 꿀팁,https://fine.fss.or.kr/fine/bbs/B0000340/view.do?nttId=59597&menuNo=900014&viewType=&pageIndex=8
펀드 투자시 비용절감 노하우 7가지,https://fine.fss.or.kr/fine/bbs/B0000340/view.do?nttId=59596&menuNo=900014&viewType=&pageIndex=9
보험가입시 체크해 보면 유익한 5가지 지표,https://fine.fss.or.kr/fine/bbs/B0000340/view.do?nttId=59595&menuNo=900014&viewType=&pageIndex=9
전세자금대출자를 위한 금융꿀팁,https://fine.fss.or.kr/fine/bbs/B0000340/view.do?nttId=59594&menuNo=900014&viewType=&pageIndex=9
음주운전하면 받게되는 자동차보험 불이익 7가지,https://fine.fss.or.kr/fine/bbs/B0000340/view.do?nttId=59593&menuNo=900014&viewType=&pageIndex=9
내 신용등급 올리기 노하우 (3) : 개인신용평가시 가점 받는 방법,https://fine.fss.or.kr/fine/bbs/B0000340/view.do?nttId=59592&menuNo=900014&viewType=&pageIndex=9
일상생활배상책임보험 잘 활용하기,https://fine.fss.or.kr/fine/bbs/B0000340/view.do?nttId=59591&menuNo=900014&viewType=&pageIndex=9
어르신을 위한 금융꿀팁 (3) : 금융투자,https://fine.fss.or.kr/fine/bbs/B0000340/view.do?nttId=59590&menuNo=900014&viewType=&pageIndex=9
대표적인 휴면예금 사례 5가지,https://fine.fss.or.kr/fine/bbs/B0000340/view.do?nttId=59589&menuNo=900014&viewType=&pageIndex=9
"카드 소득공제, 최대로 받는 노하우",https://fine.fss.or.kr/fine/bbs/B0000340/view.do?nttId=59588&menuNo=900014&viewType=&pageIndex=9
(25-1회차) 해외여행시 챙겨야할 금융꿀팁,https://fine.fss.or.kr/fine/bbs/B0000340/view.do?nttId=59587&menuNo=900014&viewType=&pageIndex=9
자동차보험료 줄이는 운전경력 100% 활용법,https://fine.fss.or.kr/fine/bbs/B0000340/view.do?nttId=59586&menuNo=900014&viewType=&pageIndex=10
주식투자시 수익률 제고 노하우,https://fine.fss.or.kr/fine/bbs/B0000340/view.do?nttId=59585&menuNo=900014&viewType=&pageIndex=10
실손의료보험 가입자가 알아둘 필수정보(3) : 보장되는 것과 안 되는 것,https://fine.fss.or.kr/fine/bbs/B0000340/view.do?nttId=59584&menuNo=900014&viewType=&pageIndex=10
은행거래 100% 활용법(5) : 알아두면 유용한 각종 서비스,https://fine.fss.or.kr/fine/bbs/B0000340/view.do?nttId=59583&menuNo=900014&viewType=&pageIndex=10
어르신을 위한 금융꿀팁(2) : 보험가입,https://fine.fss.or.kr/fine/bbs/B0000340/view.do?nttId=59582&menuNo=900014&viewType=&pageIndex=10
보험가입자가 반드시 알아둘 5대 권리,https://fine.fss.or.kr/fine/bbs/B0000340/view.do?nttId=59581&menuNo=900014&viewType=&pageIndex=10
금리인하요구권 활용하기,https://fine.fss.or.kr/fine/bbs/B0000340/view.do?nttId=59580&menuNo=900014&viewType=&pageIndex=10
맞벌이 부부를 위한 금융꿀팁,https://fine.fss.or.kr/fine/bbs/B0000340/view.do?nttId=59579&menuNo=900014&viewType=&pageIndex=10
어르신을 위한 금융꿀팁 (1) : 은행거래,https://fine.fss.or.kr/fine/bbs/B0000340/view.do?nttId=59578&menuNo=900014&viewType=&pageIndex=10
어린이를 위한 금융상품 5가지,https://fine.fss.or.kr/fine/bbs/B0000340/view.do?nttId=59577&menuNo=900014&viewType=&pageIndex=10
불법채권추심 10대유형과 대응요령,https://fine.fss.or.kr/fine/bbs/B0000340/view.do?nttId=59576&menuNo=900014&viewType=&pageIndex=11
보험계약대출 100% 활용법,https://fine.fss.or.kr/fine/bbs/B0000340/view.do?nttId=59575&menuNo=900014&viewType=&pageIndex=11
주식투자시 수수료 등 절감 노하우,https://fine.fss.or.kr/fine/bbs/B0000340/view.do?nttId=59574&menuNo=900014&viewType=&pageIndex=11
알아두면 유익한 보험료 할인특약(1),https://fine.fss.or.kr/fine/bbs/B0000340/view.do?nttId=59573&menuNo=900014&viewType=&pageIndex=11
교통사고 시 자동차보험 활용 노하우,https://fine.fss.or.kr/fine/bbs/B0000340/view.do?nttId=59572&menuNo=900014&viewType=&pageIndex=11
감사보고서 제대로 활용하기,https://fine.fss.or.kr/fine/bbs/B0000340/view.do?nttId=59571&menuNo=900014&viewType=&pageIndex=11
은행거래 100% 활용법 (4) : 대출이자 부담줄이기,https://fine.fss.or.kr/fine/bbs/B0000340/view.do?nttId=59570&menuNo=900014&viewType=&pageIndex=11
실손의료보험 가입자가 알아둘 필수정보 (2) : 가입이후,https://fine.fss.or.kr/fine/bbs/B0000340/view.do?nttId=59569&menuNo=900014&viewType=&pageIndex=11
연금저축 절세 노하우 (3) : 연금수령시점,https://fine.fss.or.kr/fine/bbs/B0000340/view.do?nttId=59568&menuNo=900014&viewType=&pageIndex=11
카드 포인트-할인혜택 100% 활용법,https://fine.fss.or.kr/fine/bbs/B0000340/view.do?nttId=59567&menuNo=900014&viewType=&pageIndex=11
ETF 투자시 유의사항 8가지,https://fine.fss.or.kr/fine/bbs/B0000340/view.do?nttId=59566&menuNo=900014&viewType=&pageIndex=12
보험 가입전 필수 체크포인트 5가지,https://fine.fss.or.kr/fine/bbs/B0000340/view.do?nttId=59565&menuNo=900014&viewType=&pageIndex=12
신분증 분실시 금융피해 예방요령,https://fine.fss.or.kr/fine/bbs/B0000340/view.do?nttId=59564&menuNo=900014&viewType=&pageIndex=12
은행거래 100% 활용법 (3) 예-적금 관련 유용한 서비스,https://fine.fss.or.kr/fine/bbs/B0000340/view.do?nttId=59563&menuNo=900014&viewType=&pageIndex=12
"잠자는 내돈, 가장 빨리 확실하게 찾는 3단계 비법",https://fine.fss.or.kr/fine/bbs/B0000340/view.do?nttId=59562&menuNo=900014&viewType=&pageIndex=12
유망기업 성공투자법(1) : 크라우드펀딩편,https://fine.fss.or.kr/fine/bbs/B0000340/view.do?nttId=59561&menuNo=900014&viewType=&pageIndex=12
사회초년생을 위한 금융꿀팁 7가지,https://fine.fss.or.kr/fine/bbs/B0000340/view.do?nttId=59560&menuNo=900014&viewType=&pageIndex=12
서민을 위한 금융상품 10선,https://fine.fss.or.kr/fine/bbs/B0000340/view.do?nttId=59559&menuNo=900014&viewType=&pageIndex=12
금융소비자 피해 구제제도와 이용방법,https://fine.fss.or.kr/fine/bbs/B0000340/view.do?nttId=59558&menuNo=900014&viewType=&pageIndex=12
주식투자시 요주의할 5적,https://fine.fss.or.kr/fine/bbs/B0000340/view.do?nttId=59557&menuNo=900014&viewType=&pageIndex=12
은행거래 100% 활용법(2) : 예적금 수익률 높이기,https://fine.fss.or.kr/fine/bbs/B0000340/view.do?nttId=59556&menuNo=900014&viewType=&pageIndex=13
해외여행시 챙겨야 할 금융꿀팁,https://fine.fss.or.kr/fine/bbs/B0000340/view.do?nttId=59555&menuNo=900014&viewType=&pageIndex=13
연금저축 절세노하우(2) : 중도해지시점,https://fine.fss.or.kr/fine/bbs/B0000340/view.do?nttId=59554&menuNo=900014&viewType=&pageIndex=13
내 신용등급 올리기 노하우(2) : 개인신용평가 반영요소 바로알기,https://fine.fss.or.kr/fine/bbs/B0000340/view.do?nttId=59553&menuNo=900014&viewType=&pageIndex=13
치아보험 가입시 유의사항,https://fine.fss.or.kr/fine/bbs/B0000340/view.do?nttId=59552&menuNo=900014&viewType=&pageIndex=13
불법금융광고 10대 유형과 소비자 유의사항,https://fine.fss.or.kr/fine/bbs/B0000340/view.do?nttId=59551&menuNo=900014&viewType=&pageIndex=13
자동차 할부금융 이용시 유의사항,https://fine.fss.or.kr/fine/bbs/B0000340/view.do?nttId=59550&menuNo=900014&viewType=&pageIndex=13
변액보험 가입자가 알아둘 필수정보 7가지,https://fine.fss.or.kr/fine/bbs/B0000340/view.do?nttId=59549&menuNo=900014&viewType=&pageIndex=13
알아두면 유익한 금융정보사이트 10선,https://fine.fss.or.kr/fine/bbs/B0000340/view.do?nttId=59548&menuNo=900014&viewType=&pageIndex=13
신용카드 제대로 활용하기(1) : 카드 선택시 고려사항,https://fine.fss.or.kr/fine/bbs/B0000340/view.do?nttId=59547&menuNo=900014&viewType=&pageIndex=13
유병자도 가입할 수 있는 보험상품과 유의사항,https://fine.fss.or.kr/fine/bbs/B0000340/view.do?nttId=59546&menuNo=900014&viewType=&pageIndex=14
주식·채권 투자에 실패하지 않으려면,https://fine.fss.or.kr/fine/bbs/B0000340/view.do?nttId=59545&menuNo=900014&viewType=&pageIndex=14
고수익 보장을 미끼로한 금융사기 당하지 않으려면,https://fine.fss.or.kr/fine/bbs/B0000340/view.do?nttId=59544&menuNo=900014&viewType=&pageIndex=14
내 신용등급 올리기 노하우(1) : 신용등급 무료 확인방법,https://fine.fss.or.kr/fine/bbs/B0000340/view.do?nttId=59543&menuNo=900014&viewType=&pageIndex=14
실손의료보험 가입자가 알아둘 필수정보(1) : 가입시점,https://fine.fss.or.kr/fine/bbs/B0000340/view.do?nttId=59542&menuNo=900014&viewType=&pageIndex=14
연금저축 절세 노하우(1) : 적립시점,https://fine.fss.or.kr/fine/bbs/B0000340/view.do?nttId=59541&menuNo=900014&viewType=&pageIndex=14
ELS 등에 대한 투자시 유의사항,https://fine.fss.or.kr/fine/bbs/B0000340/view.do?nttId=59540&menuNo=900014&viewType=&pageIndex=14
은행거래 100% 활용법(1) : 우대혜택,https://fine.fss.or.kr/fine/bbs/B0000340/view.do?nttId=59539&menuNo=900014&viewType=&pageIndex=14
신용카드 잘 활용하는 방법,https://fine.fss.or.kr/fine/bbs/B0000340/view.do?nttId=59538&menuNo=900014&viewType=&pageIndex=14
자동차보험료 절약 8가지 지혜,https://fine.fss.or.kr/fine/bbs/B0000340/view.do?nttId=59537&menuNo=900014&viewType=&pageIndex=14
(1) 추석연휴에 알아두면 유익한 금융정보 (2) 설연휴에 알아두면 유익한 금융정보,https://fine.fss.or.kr/fine/bbs/B0000340/view.do?nttId=59536&menuNo=900014&viewType=&pageIndex=15
착오송금 예방 및 대응요령,https://fine.fss.or.kr/fine/bbs/B0000340/view.do?nttId=59535&menuNo=900014&viewType=&pageIndex=15
카드 분실·도난 피해예방 요령,https://fine.fss.or.kr/fine/bbs/B0000340/view.do?nttId=59534&menuNo=900014&viewType=&pageIndex=15
현명한 신용관리요령,https://fine.fss.or.kr/fine/bbs/B0000340/view.do?nttId=59531&menuNo=900014&viewType=&pageIndex=15
보이스피싱 피해예방 10계명,https://fine.fss.or.kr/fine/bbs/B0000340/view.do?nttId=59532&menuNo=900014&viewType=&pageIndex=15
저축성보험 추가납입제도,https://fine.fss.or.kr/fine/bbs/B0000340/view.do?nttId=59533&menuNo=900014&viewType=&pageIndex=15
